,Unnamed: 0,Name,Pokedex Number,Type,Base Stats Total,Health,Attack,Defense,Special Attack,Special Defense,Speed,Generation,Location,S/V Regional Variants,Legendary/Mythical
0,0,Bulbasaur,1,Grass-type/Poison-type,318,45,49,49,65,65,45,1,Area Zero,No,No
1,1,Ivysaur,2,Grass-type/Poison-type,405,60,62,63,80,80,60,1,Area Zero,No,No
2,2,Venusaur,3,Grass-type/Poison-type,525,80,82,83,100,100,80,1,Area Zero,No,No
3,3,Charmander,4,Fire-type,309,39,52,43,60,50,65,1,Area Zero,No,No
4,4,Charmeleon,5,Fire-type,405,58,64,58,80,65,80,1,Area Zero,No,No
5,5,Charizard,6,Flying-type/Fire-type,534,78,84,78,109,85,100,1,Area Zero,No,No
6,6,Squirtle,7,Water-type,314,44,48,65,50,64,43,1,Area Zero,No,No
7,7,Wartortle,8,Water-type,405,59,63,80,65,80,58,1,Area Zero,No,No
8,8,Blastoise,9,Water-type,530,79,83,100,85,105,78,1,Area Zero,No,No
9,9,Ekans,23,Poison-type,288,35,60,44,40,54,55,1,Area Zero,No,No
10,10,Arbok,24,Poison-type,448,60,95,69,65,79,80,1,Area Zero,No,No
11,11,Pikachu,25,Electric-type,320,35,55,40,50,50,90,1,"East Province,South Province,West Province",No,No
12,12,Raichu,26,Psychic-type,485,60,90,55,90,80,110,1,"Area Zero,Socarrat Trail,West Province",No,No
13,13,Sandshrew,27,Steel-type,300,50,75,85,20,30,40,1,Area Zero,No,No
14,14,Sandslash,28,Steel-type,450,75,100,110,45,55,65,1,Area Zero,No,No
15,15,Clefairy,35,Fairy-type,323,70,45,48,60,65,35,1,Area Zero,No,No
16,16,Clefable,36,Fairy-type,483,95,70,73,95,90,60,1,Area Zero,No,No
17,17,Vulpix,37,,299,38,41,40,50,65,65,1,Area Zero,No,No
18,18,Ninetales,38,Fairy-type,505,73,76,75,81,100,100,1,Area Zero,No,No
19,19,Jigglypuff,39,Fairy-type/Normal-type,270,115,45,20,45,25,20,1,"South Province,West Province",No,No
20,20,Wigglytuff,40,Fairy-type/Normal-type,435,140,70,45,85,50,45,1,North Province,No,No
21,21,Oddish,43,Grass-type/Poison-type,320,45,50,55,75,65,30,1,Area Zero,No,No
22,22,Gloom,44,Grass-type/Poison-type,395,60,65,70,85,75,40,1,Area Zero,No,No
23,23,Vileplume,45,Grass-type/Poison-type,490,75,80,85,110,90,50,1,Area Zero,No,No
24,24,Venonat,48,Poison-type/Bug-type,305,60,55,50,40,55,45,1,"East Province,Tagtree Thicket",No,No
25,25,Venomoth,49,Poison-type/Bug-type,450,70,65,60,90,75,90,1,"Area Zero,Casseroya Lake,North Province,Tagtree Thicket",No,No
26,26,Diglett,50,Steel-type,265,10,55,25,35,45,95,1,"Alfornada,Alfornada Cavern,Asado Desert,East Province,Inlet Grotto,South Province",No,No
27,27,Dugtrio,51,Steel-type,425,35,100,50,50,70,120,1,"Alfornada,Alfornada Cavern,Asado Desert,Dalizapa Passage,East Province,North Province,South Province",No,No
28,28,Meowth,52,,290,40,45,35,40,40,90,1,"East Province,South Province,Uva Academy,West Province",No,No
29,29,Persian,53,,440,65,70,60,65,65,115,1,"South Province,West Province",No,No
30,30,Psyduck,54,Water-type,320,50,52,48,65,50,55,1,"Casseroya Lake,East Province,Glaseado Mountain,South Province,Tagtree Thicket,West Province",No,No
31,31,Golduck,55,Water-type,500,80,82,78,95,80,85,1,"Area Zero,Casseroya Lake,Glaseado Mountain,North Province,South Province",No,No
32,32,Mankey,56,Fighting-type,305,40,80,35,35,45,70,1,"South Province,West Province",No,No
33,33,Primeape,57,Fighting-type,455,65,105,60,60,70,95,1,"Glaseado Mountain,North Province,South Province,West Province",No,No
34,34,Growlithe,58,Rock-type,350,55,70,45,70,50,60,1,"East Province,North Province,South Province",No,No
35,35,Arcanine,59,Rock-type,555,90,110,80,100,80,95,1,"North Province,South Province",No,No
36,36,Poliwag,60,Water-type,300,40,50,40,40,40,90,1,Area Zero,No,No
37,37,Poliwhirl,61,Water-type,385,65,65,65,50,50,90,1,Area Zero,No,No
38,38,Poliwrath,62,Fighting-type/Water-type,510,90,95,95,70,90,70,1,Area Zero,No,No
39,39,Bellsprout,69,Grass-type/Poison-type,300,50,75,35,70,30,40,1,Area Zero,No,No
40,40,Weepinbell,70,Grass-type/Poison-type,390,65,90,50,85,45,55,1,Area Zero,No,No
41,41,Victreebel,71,Grass-type/Poison-type,490,80,105,65,100,70,70,1,Area Zero,No,No
42,42,Tentacool,72,Poison-type/Water-type,335,40,40,35,50,100,70,1,Area Zero,No,No
43,43,Tentacruel,73,Poison-type/Water-type,515,80,70,65,80,120,100,1,Area Zero,No,No
44,44,Geodude,74,Ground-type/Electric-type,300,40,80,100,30,30,20,1,Area Zero,No,No
45,45,Graveler,75,Ground-type/Electric-type,390,55,95,115,45,45,35,1,Area Zero,No,No
46,46,Golem,76,Ground-type/Electric-type,495,80,120,130,55,65,45,1,Area Zero,No,No
47,47,Slowpoke,79,Psychic-type,315,90,65,65,40,40,15,1,"Casseroya Lake,East Province,South Province,West Province",No,No
48,48,Slowbro,80,Psychic-type,490,95,75,110,100,80,30,1,"Casseroya Lake,West Province",No,No
49,49,Magnemite,81,Electric-type/Steel-type,325,25,35,70,95,55,45,1,East Province,No,No
50,50,Magneton,82,Electric-type/Steel-type,465,50,60,95,120,70,70,1,"Dalizapa Passage,Glaseado Mountain",No,No
51,51,Doduo,84,Flying-type/Normal-type,310,35,85,45,35,35,75,1,Area Zero,No,No
52,52,Dodrio,85,Flying-type/Normal-type,470,60,110,70,60,60,110,1,Area Zero,No,No
53,53,Seel,86,Water-type,325,65,45,55,45,70,45,1,Area Zero,No,No
54,54,Dewgong,87,Ice-type/Water-type,475,90,70,80,70,95,70,1,Area Zero,No,No
55,55,Grimer,88,Dark-type,325,80,80,50,40,50,25,1,"East Province,West Province",No,No
56,56,Muk,89,Dark-type,500,105,105,75,65,100,50,1,,No,No
57,57,Shellder,90,Water-type,305,30,65,100,45,25,40,1,"East Paldean Sea,North Paldean Sea,South Paldean Sea,West Paldean Sea",No,No
58,58,Cloyster,91,Ice-type/Water-type,525,50,95,180,85,45,70,1,"East Paldean Sea,North Paldean Sea,South Paldean Sea,West Paldean Sea",No,No
59,59,Gastly,92,Poison-type/Ghost-type,310,30,35,30,100,35,80,1,"East Province,South Province,West Province",No,No
60,60,Haunter,93,Poison-type/Ghost-type,405,45,50,45,115,55,95,1,"Dalizapa Passage,Glaseado Mountain,North Province,West Province",No,No
61,61,Gengar,94,Poison-type/Ghost-type,500,60,65,60,130,75,110,1,,No,No
62,62,Drowzee,96,Psychic-type,328,60,48,45,43,90,42,1,South Province,No,No
63,63,Hypno,97,Psychic-type,483,85,73,70,73,115,67,1,"Area Zero,Dalizapa Passage,North Province,South Province,West Province",No,No
64,64,Voltorb,100,Grass-type,330,40,30,50,55,55,100,1,"East Province,West Province",No,No
65,65,Electrode,101,Grass-type,490,60,50,70,80,80,150,1,West Province,No,No
66,66,Exeggcute,102,Grass-type/Psychic-type,325,60,40,80,60,45,40,1,Area Zero,No,No
67,67,Exeggutor,103,Dragon-type/Psychic-type,530,95,95,85,125,75,55,1,Area Zero,No,No
68,68,Hitmonlee,106,Fighting-type,455,50,120,53,35,110,87,1,Area Zero,No,No
69,69,Hitmonchan,107,Fighting-type,455,50,105,79,35,110,76,1,Area Zero,No,No
70,70,Koffing,109,Poison-type,340,40,65,95,60,45,35,1,Area Zero,No,No
71,71,Weezing,110,Fairy-type,490,65,90,120,85,70,60,1,Area Zero,No,No
72,72,Rhyhorn,111,Ground-type/Rock-type,345,80,85,95,30,30,25,1,Area Zero,No,No
73,73,Rhydon,112,Ground-type/Rock-type,485,105,130,120,45,45,40,1,Area Zero,No,No
74,74,Chansey,113,Normal-type,450,250,5,5,35,105,50,1,"Casseroya Lake,East Province,North Province,South Province,West Province",No,No
75,75,Horsea,116,Water-type,295,30,40,70,70,25,60,1,Area Zero,No,No
76,76,Seadra,117,Water-type,440,55,65,95,95,45,85,1,Area Zero,No,No
77,77,Scyther,123,Flying-type/Bug-type,500,70,110,80,55,80,105,1,"Casseroya Lake,North Province,South Province",No,No
78,78,Electabuzz,125,Electric-type,490,65,83,57,95,85,105,1,Area Zero,No,No
79,79,Magmar,126,Fire-type,495,65,95,57,100,85,93,1,Area Zero,No,No
80,80,Tauros,128,Fire-type/Water-type,490,75,100,95,40,70,110,1,"Asado Desert,East Province,West Province",Yes,No
81,81,Magikarp,129,Water-type,200,20,10,55,15,20,80,1,"Dalizapa Passage,East Paldean Sea,East Province,North Paldean Sea,North Province,South Paldean Sea,South Province,Tagtree Thicket,West Paldean Sea,West Province",No,No
82,82,Gyarados,130,Flying-type/Water-type,540,95,125,79,60,100,81,1,"Casseroya Lake,East Paldean Sea,North Paldean Sea,South Paldean Sea,West Paldean Sea",No,No
83,83,Lapras,131,Ice-type/Water-type,535,130,85,80,85,95,60,1,Area Zero,No,No
84,84,Ditto,132,Normal-type,288,48,48,48,48,48,48,1,West Province,No,No
85,85,Eevee,133,Normal-type,325,55,55,50,45,65,55,1,"South Province,West Province",No,No
86,86,Vaporeon,134,Water-type,525,130,65,60,110,95,65,1,"Casseroya Lake,Glaseado Mountain,North Province,South Province,Tagtree Thicket",No,No
87,87,Jolteon,135,Electric-type,525,65,65,60,110,95,130,1,"Socarrat Trail,West Province",No,No
88,88,Flareon,136,Fire-type,525,65,130,60,95,110,65,1,"Dalizapa Passage,North Province,South Province",No,No
89,89,Porygon,137,Normal-type,395,65,60,70,85,75,40,1,Area Zero,No,No
90,90,Snorlax,143,Normal-type,540,160,110,65,65,110,30,1,Area Zero,No,No
91,91,Articuno,144,Flying-type,580,90,85,100,95,125,85,1,"Area Zero,Glaseado Mountain",No,Yes
92,92,Zapdos,145,Flying-type,580,90,90,85,125,90,100,1,"Area Zero,Poco Path",No,Yes
93,93,Moltres,146,Flying-type,580,90,100,90,125,85,90,1,"Area Zero,Asado Desert",No,Yes
94,94,Dratini,147,Dragon-type,300,41,64,45,50,50,50,1,"Casseroya Lake,North Province,South Province",No,No
95,95,Dragonair,148,Dragon-type,420,61,84,65,70,70,70,1,"Casseroya Lake,South Province",No,No
96,96,Dragonite,149,Flying-type/Dragon-type,600,91,134,95,100,100,80,1,"Casseroya Lake,North Province",No,No
97,97,Mewtwo,150,Psychic-type,680,106,110,90,154,90,130,1,,No,Yes
98,98,Mew,151,Psychic-type,600,100,100,100,100,100,100,1,,No,Yes
99,99,Chikorita,152,Grass-type,318,45,49,65,49,65,45,2,Area Zero,No,No
100,100,Bayleef,153,Grass-type,405,60,62,80,63,80,60,2,Area Zero,No,No
101,101,Meganium,154,Grass-type,525,80,82,100,83,100,80,2,Area Zero,No,No
102,102,Cyndaquil,155,Fire-type,309,39,52,43,60,50,65,2,Area Zero,No,No
103,103,Quilava,156,Fire-type,405,58,64,58,80,65,80,2,Area Zero,No,No
104,104,Typhlosion,157,Ghost-type,534,78,84,78,109,85,100,2,Area Zero,No,No
105,105,Totodile,158,Water-type,314,50,65,64,44,48,43,2,Area Zero,No,No
106,106,Croconaw,159,Water-type,405,65,80,80,59,63,58,2,Area Zero,No,No
107,107,Feraligatr,160,Water-type,530,85,105,100,79,83,78,2,Area Zero,No,No
108,108,Sentret,161,Normal-type,215,35,46,34,35,45,20,2,Area Zero,No,No
109,109,Furret,162,Normal-type,415,85,76,64,45,55,90,2,Area Zero,No,No
110,110,Hoothoot,163,Flying-type/Normal-type,262,60,30,30,36,56,50,2,Area Zero,No,No
111,111,Noctowl,164,Flying-type/Normal-type,452,100,50,50,86,96,70,2,Area Zero,No,No
112,112,Spinarak,167,Poison-type/Bug-type,250,40,60,40,40,40,30,2,Area Zero,No,No
113,113,Ariados,168,Poison-type/Bug-type,400,70,90,70,60,70,40,2,Area Zero,No,No
114,114,Chinchou,170,Electric-type/Water-type,330,75,38,38,56,56,67,2,Area Zero,No,No
115,115,Lanturn,171,Electric-type/Water-type,460,125,58,58,76,76,67,2,Area Zero,No,No
116,116,Pichu,172,Electric-type,205,20,40,15,35,35,60,2,South Province,No,No
117,117,Cleffa,173,Fairy-type,218,50,25,28,45,55,15,2,Area Zero,No,No
118,118,Igglybuff,174,Fairy-type/Normal-type,210,90,30,15,40,20,15,2,"Pokemon League,South Province",No,No
119,119,Mareep,179,Electric-type,280,55,40,40,65,45,35,2,South Province,No,No
120,120,Flaaffy,180,Electric-type,365,70,55,55,80,60,45,2,"South Province,West Province",No,No
121,121,Ampharos,181,Electric-type,510,90,75,85,115,90,55,2,"Alfornada,Alfornada Cavern,North Province",No,No
122,122,Bellossom,182,Grass-type,490,75,80,95,90,100,50,2,Area Zero,No,No
123,123,Marill,183,Fairy-type/Water-type,250,70,20,50,20,50,40,2,"East Province,South Province,West Province",No,No
124,124,Azumarill,184,Fairy-type/Water-type,420,100,50,80,60,80,50,2,"Casseroya Lake,West Province",No,No
125,125,Sudowoodo,185,Rock-type,410,70,100,115,30,65,30,2,"Socarrat Trail,West Province",No,No
126,126,Politoed,186,Water-type,500,90,75,75,90,100,70,2,Area Zero,No,No
127,127,Hoppip,187,Grass-type/Flying-type,250,35,35,40,35,55,50,2,South Province,No,No
128,128,Skiploom,188,Grass-type/Flying-type,340,55,45,50,45,65,80,2,"East Province,South Province,West Province",No,No
129,129,Jumpluff,189,Grass-type/Flying-type,460,75,55,70,55,95,110,2,"North Province,West Province",No,No
130,130,Aipom,190,Normal-type,360,55,70,55,40,55,85,2,Area Zero,No,No
131,131,Sunkern,191,Grass-type,180,30,30,30,30,30,30,2,South Province,No,No
132,132,Sunflora,192,Grass-type,425,75,75,55,105,85,30,2,"East Paldean Sea,North Province,South Province,Tagtree Thicket",No,No
133,133,Yanma,193,Flying-type/Bug-type,390,65,65,45,75,45,95,2,Area Zero,No,No
134,134,Wooper,194,Ground-type,210,55,45,45,25,25,15,2,"Alfornada,Alfornada Cavern,Cascarrafa,East Province,Glaseado Mountain,North Province,South Province,Tagtree Thicket,West Province",Yes,No
135,135,Quagsire,195,Ground-type/Water-type,430,95,85,85,65,65,35,2,,No,No
136,136,Espeon,196,Psychic-type,525,65,65,60,130,95,110,2,"East Province,North Province,West Province",No,No
137,137,Umbreon,197,Dark-type,525,95,65,110,60,130,65,2,"Alfornada,Alfornada Cavern,Dalizapa Passage,North Province,South Province",No,No
138,138,Murkrow,198,Dark-type/Flying-type,405,60,85,42,85,42,91,2,"East Province,South Province,Tagtree Thicket,West Province",No,No
139,139,Slowking,199,Psychic-type,490,95,75,80,100,110,30,2,,No,No
140,140,Misdreavus,200,Ghost-type,435,60,60,60,85,85,85,2,"Dalizapa Passage,East Province,Glaseado Mountain,South Province,Tagtree Thicket,West Province",No,No
141,141,Girafarig,203,Psychic-type/Normal-type,455,70,80,65,90,65,85,2,"Area Zero,West Province",No,No
142,142,Pineco,204,Bug-type,290,50,65,90,35,35,15,2,"East Province,South Province,Tagtree Thicket,West Province",No,No
143,143,Forretress,205,Bug-type/Steel-type,465,75,90,140,60,60,40,2,"Casseroya Lake,Socarrat Trail",No,No
144,144,Dunsparce,206,Normal-type,415,100,70,70,65,65,45,2,"Alfornada,Alfornada Cavern,Area Zero,Asado Desert,Dalizapa Passage,East Province,South Province,Tagtree Thicket,West Province",No,No
145,145,Gligar,207,Ground-type/Flying-type,430,65,75,105,35,65,85,2,Area Zero,No,No
146,146,Snubbull,209,Fairy-type,300,60,80,50,40,40,30,2,Area Zero,No,No
147,147,Granbull,210,Fairy-type,450,90,120,75,60,60,45,2,Area Zero,No,No
148,148,Qwilfish,211,Poison-type,440,65,95,85,55,55,85,2,"East Paldean Sea,North Paldean Sea,South Paldean Sea,West Paldean Sea",No,No
149,149,Scizor,212,Bug-type/Steel-type,500,70,130,100,55,80,65,2,,No,No
150,150,Heracross,214,Bug-type/Fighting-type,500,80,125,75,40,95,85,2,"North Province,Socarrat Trail",No,No
151,151,Sneasel,215,Poison-type/Ice-type,430,55,95,55,35,75,115,2,"Dalizapa Passage,Glaseado Mountain",No,No
152,152,Teddiursa,216,Normal-type,330,60,80,50,50,50,40,2,"East Province,North Province",No,No
153,153,Ursaring,217,Normal-type,500,90,130,75,75,75,55,2,"Dalizapa Passage,North Province,West Province",No,No
154,154,Slugma,218,Fire-type,250,40,40,40,70,40,20,2,Area Zero,No,No
155,155,Magcargo,219,Rock-type/Fire-type,430,60,50,120,90,80,30,2,Area Zero,No,No
156,156,Swinub,220,Ground-type/Ice-type,250,50,50,40,30,30,50,2,Area Zero,No,No
157,157,Piloswine,221,Ground-type/Ice-type,450,100,100,80,60,60,50,2,Area Zero,No,No
158,158,Delibird,225,Flying-type/Ice-type,330,45,55,45,65,45,75,2,Glaseado Mountain,No,No
159,159,Skarmory,227,Flying-type/Steel-type,465,65,80,140,40,70,70,2,Area Zero,No,No
160,160,Houndour,228,Dark-type/Fire-type,330,45,60,30,80,50,65,2,"Inlet Grotto,South Province",No,No
161,161,Houndoom,229,Dark-type/Fire-type,500,75,90,50,110,80,95,2,"North Province,South Province",No,No
162,162,Kingdra,230,Dragon-type/Water-type,540,75,95,95,95,95,85,2,Area Zero,No,No
163,163,Phanpy,231,Ground-type,330,90,60,60,40,40,40,2,"Asado Desert,South Province,West Province",No,No
164,164,Donphan,232,Ground-type,500,90,120,120,60,60,50,2,"Asado Desert,South Province,West Province",No,No
165,165,Porygon2,233,Normal-type,515,85,80,90,105,95,60,2,Area Zero,No,No
166,166,Stantler,234,Normal-type,465,73,95,62,85,65,85,2,South Province,No,No
167,167,Smeargle,235,Normal-type,250,55,20,35,20,45,75,2,Area Zero,No,No
168,168,Tyrogue,236,Fighting-type,210,35,35,35,35,35,35,2,Area Zero,No,No
169,169,Hitmontop,237,Fighting-type,455,50,95,95,35,110,70,2,Area Zero,No,No
170,170,Elekid,239,Electric-type,360,45,63,37,65,55,95,2,Area Zero,No,No
171,171,Magby,240,Fire-type,365,45,75,37,70,55,83,2,Area Zero,No,No
172,172,Blissey,242,Normal-type,540,255,10,10,75,135,55,2,North Province,No,No
173,173,Raikou,243,Electric-type,580,90,85,75,115,100,115,2,"Area Zero,West Province",No,Yes
174,174,Entei,244,Fire-type,580,115,115,85,90,75,100,2,"Area Zero,East Province",No,Yes
175,175,Suicune,245,Water-type,580,100,75,115,90,115,85,2,"Area Zero,Casseroya Lake",No,Yes
176,176,Larvitar,246,Ground-type/Rock-type,300,50,64,50,45,50,41,2,"Alfornada,Alfornada Cavern,Asado Desert,Dalizapa Passage,East Province,South Province,West Province",No,No
177,177,Pupitar,247,Ground-type/Rock-type,410,70,84,70,65,70,51,2,"Alfornada,Alfornada Cavern,North Province",No,No
178,178,Tyranitar,248,Rock-type/Dark-type,600,100,134,110,95,100,61,2,,No,No
179,179,Lugia,249,Flying-type/Psychic-type,680,106,90,130,90,154,110,2,"Area Zero,North Province",No,Yes
180,180,Ho-Oh,250,Flying-type/Fire-type,680,106,130,90,110,154,90,2,"Area Zero,South Province",No,Yes
181,181,Treecko,252,Grass-type,310,40,45,35,65,55,70,3,Area Zero,No,No
182,182,Grovyle,253,Grass-type,405,50,65,45,85,65,95,3,Area Zero,No,No
183,183,Sceptile,254,Grass-type,530,70,85,65,105,85,120,3,Area Zero,No,No
184,184,Torchic,255,Fire-type,310,45,60,40,70,50,45,3,Area Zero,No,No
185,185,Combusken,256,Fire-type/Fighting-type,405,60,85,60,85,60,55,3,Area Zero,No,No
186,186,Blaziken,257,Fire-type/Fighting-type,530,80,120,70,110,70,80,3,Area Zero,No,No
187,187,Mudkip,258,Water-type,310,50,70,50,50,50,40,3,Area Zero,No,No
188,188,Marshtomp,259,Ground-type/Water-type,405,70,85,70,60,70,50,3,Area Zero,No,No
189,189,Swampert,260,Ground-type/Water-type,535,100,110,90,85,90,60,3,Area Zero,No,No
190,190,Poochyena,261,Dark-type,220,35,55,35,30,30,35,3,Area Zero,No,No
191,191,Mightyena,262,Dark-type,420,70,90,70,60,60,70,3,Area Zero,No,No
192,192,Lotad,270,Grass-type/Water-type,220,40,30,30,40,50,30,3,Area Zero,No,No
193,193,Lombre,271,Grass-type/Water-type,340,60,50,50,60,70,50,3,Area Zero,No,No
194,194,Ludicolo,272,Grass-type/Water-type,480,80,70,70,90,100,70,3,Area Zero,No,No
195,195,Seedot,273,Grass-type,220,40,40,50,30,30,30,3,Area Zero,No,No
196,196,Nuzleaf,274,Grass-type/Dark-type,340,70,70,40,60,40,60,3,Area Zero,No,No
197,197,Shiftry,275,Grass-type/Dark-type,480,90,100,60,90,60,80,3,Area Zero,No,No
198,198,Wingull,278,Flying-type/Water-type,270,40,30,30,55,30,85,3,"South Paldean Sea,West Paldean Sea",No,No
199,199,Pelipper,279,Flying-type/Water-type,440,60,50,100,95,70,65,3,"North Paldean Sea,West Paldean Sea",No,No
200,200,Ralts,280,Fairy-type/Psychic-type,198,28,25,25,45,35,40,3,South Province,No,No
201,201,Kirlia,281,Fairy-type/Psychic-type,278,38,35,35,65,55,50,3,"Cortondo,Dalizapa Passage,East Province",No,No
202,202,Gardevoir,282,Fairy-type/Psychic-type,518,68,65,65,125,115,80,3,Glaseado Mountain,No,No
203,203,Surskit,283,Bug-type/Water-type,269,40,30,32,50,52,65,3,South Province,No,No
204,204,Masquerain,284,Flying-type/Bug-type,454,70,60,62,100,82,80,3,South Province,No,No
205,205,Shroomish,285,Grass-type,295,60,40,60,40,60,35,3,"South Province,West Province",No,No
206,206,Breloom,286,Grass-type/Fighting-type,460,60,130,80,60,60,70,3,West Province,No,No
207,207,Slakoth,287,Normal-type,280,60,60,60,35,35,30,3,South Province,No,No
208,208,Vigoroth,288,Normal-type,440,80,80,80,55,55,90,3,"Dalizapa Passage,North Province,South Province,West Province",No,No
209,209,Slaking,289,Normal-type,670,150,160,100,95,65,100,3,"North Province,Socarrat Trail",No,No
210,210,Makuhita,296,Fighting-type,237,72,60,30,20,30,25,3,"Asado Desert,East Province,South Province,West Province",No,No
211,211,Hariyama,297,Fighting-type,474,144,120,60,40,60,50,3,"Alfornada,Alfornada Cavern,Dalizapa Passage,East Province,Glaseado Mountain,South Province,West Province",No,No
212,212,Azurill,298,Fairy-type/Normal-type,190,50,20,40,20,40,20,3,"East Province,South Province",No,No
213,213,Nosepass,299,Rock-type,375,30,45,135,45,90,30,3,Area Zero,No,No
214,214,Sableye,302,Dark-type/Ghost-type,380,50,75,75,65,65,50,3,"Alfornada,Alfornada Cavern,Dalizapa Passage,East Province,North Province,South Province,West Province",No,No
215,215,Meditite,307,Psychic-type/Fighting-type,280,30,40,55,40,55,60,3,"Alfornada,Alfornada Cavern,South Province,West Province",No,No
216,216,Medicham,308,Psychic-type/Fighting-type,410,60,60,75,60,75,80,3,"Alfornada,Alfornada Cavern,South Province",No,No
217,217,Plusle,311,Electric-type,405,60,50,40,85,75,95,3,Area Zero,No,No
218,218,Minun,312,Electric-type,405,60,40,50,75,85,95,3,Area Zero,No,No
219,219,Volbeat,313,Bug-type,430,65,73,75,47,85,85,3,Area Zero,No,No
220,220,Illumise,314,Bug-type,430,65,47,75,73,85,85,3,Area Zero,No,No
221,221,Gulpin,316,Poison-type,302,70,43,53,43,53,40,3,"East Province,South Province",No,No
222,222,Swalot,317,Poison-type,467,100,73,83,73,83,55,3,Casseroya Lake,No,No
223,223,Numel,322,Ground-type/Fire-type,305,60,60,40,65,45,35,3,"Area Zero,West Province",No,No
224,224,Camerupt,323,Ground-type/Fire-type,460,70,100,70,105,75,40,3,"Area Zero,North Province",No,No
225,225,Torkoal,324,Fire-type,470,70,85,140,85,70,20,3,"East Province,West Province",No,No
226,226,Spoink,325,Psychic-type,330,60,25,35,70,80,60,3,South Province,No,No
227,227,Grumpig,326,Psychic-type,470,80,45,65,90,110,80,3,"Dalizapa Passage,North Province,South Province",No,No
228,228,Trapinch,328,Ground-type,290,45,100,45,45,45,10,3,Area Zero,No,No
229,229,Vibrava,329,Ground-type/Dragon-type,340,50,70,50,50,50,70,3,Area Zero,No,No
230,230,Flygon,330,Ground-type/Dragon-type,520,80,100,80,80,80,100,3,Area Zero,No,No
231,231,Cacnea,331,Grass-type,335,50,85,40,85,40,35,3,Asado Desert,No,No
232,232,Cacturne,332,Grass-type/Dark-type,475,70,115,60,115,60,55,3,Asado Desert,No,No
233,233,Swablu,333,Flying-type/Normal-type,310,45,40,60,40,75,50,3,"Casseroya Lake,East Province,South Province,West Province",No,No
234,234,Altaria,334,Flying-type/Dragon-type,490,75,70,90,70,105,80,3,"Casseroya Lake,North Province,South Province,West Province",No,No
235,235,Zangoose,335,Normal-type,458,73,115,60,60,60,90,3,South Province,No,No
236,236,Seviper,336,Poison-type,458,73,100,60,100,60,65,3,South Province,No,No
237,237,Barboach,339,Ground-type/Water-type,288,50,48,43,46,41,60,3,"East Province,South Province,Tagtree Thicket,West Province",No,No
238,238,Whiscash,340,Ground-type/Water-type,468,110,78,73,76,71,60,3,"Glaseado Mountain,North Province,South Province,Tagtree Thicket,West Province",No,No
239,239,Corphish,341,Water-type,308,43,80,65,50,35,35,3,Area Zero,No,No
240,240,Crawdaunt,342,Dark-type/Water-type,468,63,120,85,90,55,55,3,Area Zero,No,No
241,241,Feebas,349,Water-type,200,20,15,20,10,55,80,3,Area Zero,No,No
242,242,Milotic,350,Water-type,540,95,60,79,100,125,81,3,Area Zero,No,No
243,243,Shuppet,353,Ghost-type,295,44,75,35,63,33,45,3,East Province,No,No
244,244,Banette,354,Ghost-type,455,64,115,65,83,63,65,3,"Alfornada,Alfornada Cavern,Glaseado Mountain",No,No
245,245,Duskull,355,Ghost-type,295,20,40,90,30,90,25,3,Area Zero,No,No
246,246,Dusclops,356,Ghost-type,455,40,70,130,60,130,25,3,Area Zero,No,No
247,247,Tropius,357,Grass-type/Flying-type,460,99,68,83,72,87,51,3,"Casseroya Lake,West Province",No,No
248,248,Chimecho,358,Psychic-type,455,75,50,80,95,90,65,3,Area Zero,No,No
249,249,Snorunt,361,Ice-type,300,50,50,50,50,50,50,3,"Dalizapa Passage,Glaseado Mountain",No,No
250,250,Glalie,362,Ice-type,480,80,80,80,80,80,80,3,Glaseado Mountain,No,No
251,251,Luvdisc,370,Water-type,330,43,30,55,40,65,97,3,"East Paldean Sea,South Paldean Sea,West Paldean Sea",No,No
252,252,Bagon,371,Dragon-type,300,45,75,60,40,30,50,3,"Alfornada,Alfornada Cavern,Dalizapa Passage,East Province,Glaseado Mountain,South Province,West Province",No,No
253,253,Shelgon,372,Dragon-type,420,65,95,100,60,50,50,3,"Alfornada,Alfornada Cavern,North Province",No,No
254,254,Salamence,373,Flying-type/Dragon-type,600,95,135,80,110,80,100,3,,No,No
255,255,Beldum,374,Steel-type/Psychic-type,300,40,55,80,35,60,30,3,Area Zero,No,No
256,256,Metang,375,Steel-type/Psychic-type,420,60,75,100,55,80,50,3,Area Zero,No,No
257,257,Metagross,376,Steel-type/Psychic-type,600,80,135,130,95,90,70,3,Area Zero,No,No
258,258,Regirock,377,Rock-type,580,80,100,200,50,100,50,3,,No,Yes
259,259,Regice,378,Ice-type,580,80,50,100,100,200,50,3,,No,Yes
260,260,Registeel,379,Steel-type,580,80,75,150,75,150,50,3,,No,Yes
261,261,Latias,380,Dragon-type/Psychic-type,600,80,80,90,110,130,110,3,"Area Zero,South Province",No,Yes
262,262,Latios,381,Dragon-type/Psychic-type,600,80,90,80,130,110,110,3,"Area Zero,North Province",No,Yes
263,263,Kyogre,382,Water-type,670,100,100,90,150,140,90,3,"Area Zero,North Paldean Sea",No,Yes
264,264,Groudon,383,Ground-type,670,100,150,140,100,90,90,3,Area Zero,No,Yes
265,265,Rayquaza,384,Flying-type/Dragon-type,680,105,150,90,150,90,95,3,"Area Zero,Great Crater of Paldea",No,Yes
266,266,Jirachi,385,Steel-type/Psychic-type,600,100,100,100,100,100,100,3,,No,Yes
267,267,Deoxys,386,Psychic-type,600,50,150,50,150,50,150,3,,No,Yes
268,268,Turtwig,387,Grass-type,318,55,68,64,45,55,31,4,Area Zero,No,No
269,269,Grotle,388,Grass-type,405,75,89,85,55,65,36,4,Area Zero,No,No
270,270,Torterra,389,Grass-type/Ground-type,525,95,109,105,75,85,56,4,Area Zero,No,No
271,271,Chimchar,390,Fire-type,309,44,58,44,58,44,61,4,Area Zero,No,No
272,272,Monferno,391,Fire-type/Fighting-type,405,64,78,52,78,52,81,4,Area Zero,No,No
273,273,Infernape,392,Fire-type/Fighting-type,534,76,104,71,104,71,108,4,Area Zero,No,No
274,274,Piplup,393,Water-type,314,53,51,53,61,56,40,4,Area Zero,No,No
275,275,Prinplup,394,Water-type,405,64,66,68,81,76,50,4,Area Zero,No,No
276,276,Empoleon,395,Steel-type/Water-type,530,84,86,88,111,101,60,4,Area Zero,No,No
277,277,Starly,396,Flying-type/Normal-type,245,40,55,30,30,30,60,4,South Province,No,No
278,278,Staravia,397,Flying-type/Normal-type,340,55,75,50,40,40,80,4,"South Province,West Province",No,No
279,279,Staraptor,398,Flying-type/Normal-type,485,85,120,70,50,60,100,4,"Casseroya Lake,South Province",No,No
280,280,Kricketot,401,Bug-type,194,37,25,41,25,41,25,4,South Province,No,No
281,281,Kricketune,402,Bug-type,384,77,85,51,55,51,65,4,North Province,No,No
282,282,Shinx,403,Electric-type,263,45,65,34,40,34,45,4,South Province,No,No
283,283,Luxio,404,Electric-type,363,60,85,49,60,49,60,4,South Province,No,No
284,284,Luxray,405,Electric-type,523,80,120,79,95,79,70,4,"North Province,South Province",No,No
285,285,Cranidos,408,Rock-type,350,67,125,40,30,30,58,4,Area Zero,No,No
286,286,Rampardos,409,Rock-type,495,97,165,60,65,50,58,4,Area Zero,No,No
287,287,Shieldon,410,Rock-type/Steel-type,350,30,42,118,42,88,30,4,Area Zero,No,No
288,288,Bastiodon,411,Rock-type/Steel-type,495,60,52,168,47,138,30,4,Area Zero,No,No
289,289,Combee,415,Flying-type/Bug-type,244,30,30,42,30,42,70,4,"East Paldean Sea,South Province,West Province",No,No
290,290,Vespiquen,416,Flying-type/Bug-type,474,70,80,102,80,102,40,4,"East Paldean Sea,North Province,South Province,West Province",No,No
291,291,Pachirisu,417,Electric-type,405,60,45,70,45,90,95,4,"East Province,South Province,West Province",No,No
292,292,Buizel,418,Water-type,330,55,65,35,60,30,85,4,"East Paldean Sea,East Province,South Paldean Sea,South Province,Tagtree Thicket,West Paldean Sea,West Province",No,No
293,293,Floatzel,419,Water-type,495,85,105,55,85,50,115,4,"East Paldean Sea,Glaseado Mountain,North Paldean Sea,South Paldean Sea,West Paldean Sea,West Province",No,No
294,294,Shellos,422,Water-type,325,76,48,48,57,62,34,4,"East Province,South Province,West Province",No,No
295,295,Gastrodon,423,Ground-type/Water-type,475,111,83,68,92,82,39,4,"Casseroya Lake,North Province",No,No
296,296,Ambipom,424,Normal-type,482,75,100,66,60,66,115,4,Area Zero,No,No
297,297,Drifloon,425,Flying-type/Ghost-type,348,90,50,34,60,44,70,4,"Dalizapa Passage,East Province,Glaseado Mountain,South Province,Tagtree Thicket,West Province",No,No
298,298,Drifblim,426,Flying-type/Ghost-type,498,150,80,44,90,54,80,4,"Alfornada,Alfornada Cavern,Cortondo,Dalizapa Passage,Glaseado Mountain,North Province",No,No
299,299,Mismagius,429,Ghost-type,495,60,60,60,105,105,105,4,"Alfornada,Alfornada Cavern,Casseroya Lake,Glaseado Mountain,North Province",No,No
300,300,Honchkrow,430,Dark-type/Flying-type,505,100,125,52,105,52,71,4,"Casseroya Lake,Dalizapa Passage,North Province,Socarrat Trail,South Province",No,No
301,301,Chingling,433,Psychic-type,285,45,30,50,65,50,45,4,Area Zero,No,No
302,302,Stunky,434,Dark-type/Poison-type,329,63,63,47,41,41,74,4,"South Province,West Province",No,No
303,303,Skuntank,435,Dark-type/Poison-type,479,103,93,67,71,61,84,4,Casseroya Lake,No,No
304,304,Bronzor,436,Steel-type/Psychic-type,300,57,24,86,24,86,23,4,"East Province,South Province,West Province",No,No
305,305,Bronzong,437,Steel-type/Psychic-type,500,67,89,116,79,116,33,4,"Casseroya Lake,Dalizapa Passage,Glaseado Mountain,North Province,South Province",No,No
306,306,Bonsly,438,Rock-type,290,50,80,95,10,45,10,4,South Province,No,No
307,307,Happiny,440,Normal-type,220,100,5,5,15,65,30,4,"Pokemon League,South Province,West Province",No,No
308,308,Spiritomb,442,Dark-type/Ghost-type,485,50,92,108,92,108,35,4,"Casseroya Lake,Glaseado Mountain",No,No
309,309,Gible,443,Ground-type/Dragon-type,300,58,70,45,40,45,42,4,"Alfornada,Alfornada Cavern,West Province",No,No
310,310,Gabite,444,Ground-type/Dragon-type,410,68,90,65,50,55,82,4,"Alfornada,Alfornada Cavern,Dalizapa Passage,Glaseado Mountain,North Province,South Province,West Province",No,No
311,311,Garchomp,445,Ground-type/Dragon-type,600,108,130,95,80,85,102,4,"Great Crater of Paldea,West Province",No,No
312,312,Munchlax,446,Normal-type,390,135,85,40,40,85,5,4,Area Zero,No,No
313,313,Riolu,447,Fighting-type,285,40,70,40,35,40,60,4,"North Province,South Province",No,No
314,314,Lucario,448,Steel-type/Fighting-type,525,70,110,70,115,70,90,4,"Dalizapa Passage,North Province",No,No
315,315,Hippopotas,449,Ground-type,330,68,72,78,38,42,32,4,Asado Desert,No,No
316,316,Hippowdon,450,Ground-type,525,108,112,118,68,72,47,4,Asado Desert,No,No
317,317,Croagunk,453,Poison-type/Fighting-type,300,48,61,40,61,40,50,4,"South Province,West Province",No,No
318,318,Toxicroak,454,Poison-type/Fighting-type,490,83,106,65,86,65,85,4,Casseroya Lake,No,No
319,319,Finneon,456,Water-type,330,49,49,56,49,61,66,4,West Paldean Sea,No,No
320,320,Lumineon,457,Water-type,460,69,69,76,69,86,91,4,"North Paldean Sea,West Paldean Sea",No,No
321,321,Snover,459,Grass-type/Ice-type,334,60,62,50,62,60,40,4,Glaseado Mountain,No,No
322,322,Abomasnow,460,Grass-type/Ice-type,494,90,92,75,92,85,60,4,Glaseado Mountain,No,No
323,323,Weavile,461,Dark-type/Ice-type,510,70,120,65,45,85,125,4,Glaseado Mountain,No,No
324,324,Magnezone,462,Electric-type/Steel-type,535,70,70,115,130,90,60,4,"East Province,Great Crater of Paldea",No,No
325,325,Rhyperior,464,Ground-type/Rock-type,535,115,140,130,55,55,40,4,Area Zero,No,No
326,326,Electivire,466,Electric-type,540,75,123,67,95,85,95,4,Area Zero,No,No
327,327,Magmortar,467,Fire-type,540,75,95,67,125,95,83,4,Area Zero,No,No
328,328,Yanmega,469,Flying-type/Bug-type,515,86,76,86,116,56,95,4,Area Zero,No,No
329,329,Leafeon,470,Grass-type,525,65,110,130,60,65,95,4,"Socarrat Trail,South Province,West Province",No,No
330,330,Glaceon,471,Ice-type,525,65,60,110,130,95,65,4,Glaseado Mountain,No,No
331,331,Gliscor,472,Ground-type/Flying-type,510,75,95,125,45,75,95,4,Area Zero,No,No
332,332,Mamoswine,473,Ground-type/Ice-type,530,110,130,80,70,60,80,4,Area Zero,No,No
333,333,Porygon-Z,474,Normal-type,535,85,80,70,135,75,90,4,Area Zero,No,No
334,334,Gallade,475,Psychic-type/Fighting-type,518,68,125,65,65,115,80,4,"Alfornada,Alfornada Cavern,Dalizapa Passage,Glaseado Mountain,North Province",No,No
335,335,Probopass,476,Rock-type/Steel-type,525,60,55,145,75,150,40,4,Area Zero,No,No
336,336,Dusknoir,477,Ghost-type,525,45,100,135,65,135,45,4,Area Zero,No,No
337,337,Froslass,478,Ghost-type/Ice-type,480,70,80,70,80,70,110,4,"Dalizapa Passage,Glaseado Mountain",No,No
338,338,Rotom,479,Electric-type/Water-type/Ice-type/Fire-type/Grass-type/Flying-type/Ghost-type,440,50,50,77,95,77,91,4,"East Province,West Province",No,No
339,339,Uxie,480,Psychic-type,580,75,75,130,75,130,95,4,,No,Yes
340,340,Mesprit,481,Psychic-type,580,80,105,105,105,105,80,4,,No,Yes
341,341,Azelf,482,Psychic-type,580,75,125,70,125,70,115,4,,No,Yes
342,342,Dialga,483,Dragon-type/Steel-type,680,100,120,120,150,100,90,4,,No,Yes
343,343,Palkia,484,Dragon-type/Water-type,680,90,120,100,150,120,100,4,,No,Yes
344,344,Heatran,485,Fire-type/Steel-type,600,91,90,106,130,106,77,4,,No,Yes
345,345,Giratina,487,Ghost-type/Dragon-type,680,150,100,120,100,120,90,4,,No,Yes
346,346,Cresselia,488,Psychic-type,580,120,70,110,75,120,85,4,,No,Yes
347,347,Phione,489,Water-type,480,80,80,80,80,80,80,4,,No,Yes
348,348,Manaphy,490,Water-type,600,100,100,100,100,100,100,4,,No,Yes
349,349,Darkrai,491,Dark-type,600,70,90,90,135,90,125,4,,No,Yes
350,350,Shaymin,492,Grass-type/Flying-type,600,100,100,100,100,100,100,4,,No,Yes
351,351,Arceus,493,Normal-type,720,120,120,120,120,120,120,4,,No,Yes
352,352,Snivy,495,Grass-type,308,45,45,55,45,55,63,5,Area Zero,No,No
353,353,Servine,496,Grass-type,413,60,60,75,60,75,83,5,Area Zero,No,No
354,354,Serperior,497,Grass-type,528,75,75,95,75,95,113,5,Area Zero,No,No
355,355,Tepig,498,Fire-type,308,65,63,45,45,45,45,5,Area Zero,No,No
356,356,Pignite,499,Fire-type/Fighting-type,418,90,93,55,70,55,55,5,Area Zero,No,No
357,357,Emboar,500,Fire-type/Fighting-type,528,110,123,65,100,65,65,5,Area Zero,No,No
358,358,Oshawott,501,Water-type,308,55,55,45,63,45,45,5,Area Zero,No,No
359,359,Dewott,502,Water-type,413,75,75,60,83,60,60,5,Area Zero,No,No
360,360,Samurott,503,Dark-type,528,95,100,85,108,70,70,5,Area Zero,No,No
361,361,Blitzle,522,Electric-type,295,45,60,32,50,32,76,5,Area Zero,No,No
362,362,Zebstrika,523,Electric-type,497,75,100,63,80,63,116,5,Area Zero,No,No
363,363,Drilbur,529,Ground-type,328,60,85,40,30,45,68,5,Area Zero,No,No
364,364,Excadrill,530,Ground-type/Steel-type,508,110,135,60,50,65,88,5,Area Zero,No,No
365,365,Timburr,532,Fighting-type,305,75,80,55,25,35,35,5,Area Zero,No,No
366,366,Gurdurr,533,Fighting-type,405,85,105,85,40,50,40,5,Area Zero,No,No
367,367,Conkeldurr,534,Fighting-type,505,105,140,95,55,65,45,5,Area Zero,No,No
368,368,Sewaddle,540,Grass-type/Bug-type,310,45,53,70,40,60,42,5,Area Zero,No,No
369,369,Swadloon,541,Grass-type/Bug-type,380,55,63,90,50,80,42,5,Area Zero,No,No
370,370,Leavanny,542,Grass-type/Bug-type,500,75,103,80,70,80,92,5,Area Zero,No,No
371,371,Cottonee,546,Grass-type/Fairy-type,280,40,27,60,37,50,66,5,Area Zero,No,No
372,372,Whimsicott,547,Grass-type/Fairy-type,480,60,67,85,77,75,116,5,Area Zero,No,No
373,373,Petilil,548,Grass-type,280,45,35,50,70,50,30,5,"South Province,West Province",No,No
374,374,Lilligant,549,Fighting-type,480,70,60,75,110,75,90,5,"North Province,South Province,West Province",No,No
375,375,Basculin,550,Water-type,460,70,92,65,80,55,98,5,"East Province,Glaseado Mountain,South Province,West Province",No,No
376,376,Sandile,551,Ground-type/Dark-type,292,50,72,35,35,35,65,5,Asado Desert,No,No
377,377,Krokorok,552,Ground-type/Dark-type,351,60,82,45,45,45,74,5,,No,No
378,378,Krookodile,553,Ground-type/Dark-type,519,95,117,80,65,70,92,5,,No,No
379,379,Scraggy,559,Dark-type/Fighting-type,348,50,75,70,35,70,48,5,Area Zero,No,No
380,380,Scrafty,560,Dark-type/Fighting-type,488,65,90,115,45,115,58,5,Area Zero,No,No
381,381,Zorua,570,Ghost-type,330,40,65,40,80,40,65,5,"Tagtree Thicket,West Province",No,No
382,382,Zoroark,571,Ghost-type,510,60,105,60,120,60,105,5,Socarrat Trail,No,No
383,383,Minccino,572,Normal-type,300,55,50,40,40,40,75,5,Area Zero,No,No
384,384,Cinccino,573,Normal-type,470,75,95,60,65,60,115,5,Area Zero,No,No
385,385,Gothita,574,Psychic-type,290,45,30,50,55,65,45,5,East Province,No,No
386,386,Gothorita,575,Psychic-type,390,60,45,70,75,85,55,5,South Province,No,No
387,387,Gothitelle,576,Psychic-type,490,70,55,95,95,110,65,5,South Province,No,No
388,388,Solosis,577,Psychic-type,290,45,30,40,105,50,20,5,Area Zero,No,No
389,389,Duosion,578,Psychic-type,370,65,40,50,125,60,30,5,Area Zero,No,No
390,390,Reuniclus,579,Psychic-type,490,110,65,75,125,85,30,5,Area Zero,No,No
391,391,Ducklett,580,Flying-type/Water-type,305,62,44,50,44,50,55,5,Area Zero,No,No
392,392,Swanna,581,Flying-type/Water-type,473,75,87,63,87,63,98,5,Area Zero,No,No
393,393,Deerling,585,Grass-type/Normal-type,335,60,60,50,40,50,75,5,"Dalizapa Passage,East Province,Glaseado Mountain,South Province,West Province",No,No
394,394,Sawsbuck,586,Grass-type/Normal-type,475,80,100,70,60,70,95,5,"Dalizapa Passage,Glaseado Mountain,North Province,Socarrat Trail,South Province,West Province",No,No
395,395,Foongus,590,Grass-type/Poison-type,294,69,55,45,55,55,15,5,"North Province,Tagtree Thicket,West Province",No,No
396,396,Amoonguss,591,Grass-type/Poison-type,464,114,85,70,85,80,30,5,"North Province,Socarrat Trail",No,No
397,397,Alomomola,594,Water-type,470,165,75,80,40,45,65,5,North Paldean Sea,No,No
398,398,Joltik,595,Electric-type/Bug-type,319,50,47,50,57,50,65,5,Area Zero,No,No
399,399,Galvantula,596,Electric-type/Bug-type,472,70,77,60,97,60,108,5,Area Zero,No,No
400,400,Tynamo,602,Electric-type,275,35,55,40,45,40,60,5,"North Paldean Sea,West Paldean Sea",No,No
401,401,Eelektrik,603,Electric-type,405,65,85,70,75,70,40,5,"North Paldean Sea,South Paldean Sea,West Paldean Sea",No,No
402,402,Eelektross,604,Electric-type,515,85,115,80,105,80,50,5,North Province,No,No
403,403,Litwick,607,Fire-type/Ghost-type,275,50,30,55,65,55,20,5,Area Zero,No,No
404,404,Lampent,608,Fire-type/Ghost-type,370,60,40,60,95,60,55,5,Area Zero,No,No
405,405,Chandelure,609,Fire-type/Ghost-type,520,60,55,90,145,90,80,5,Area Zero,No,No
406,406,Axew,610,Dragon-type,320,46,87,60,30,40,57,5,"Dalizapa Passage,North Province,South Province,West Province",No,No
407,407,Fraxure,611,Dragon-type,410,66,117,70,40,50,67,5,"Dalizapa Passage,North Province",No,No
408,408,Haxorus,612,Dragon-type,540,76,147,90,60,70,97,5,,No,No
409,409,Cubchoo,613,Ice-type,305,55,70,40,60,40,40,5,"Dalizapa Passage,Glaseado Mountain",No,No
410,410,Beartic,614,Ice-type,505,95,130,80,70,80,50,5,Glaseado Mountain,No,No
411,411,Cryogonal,615,Ice-type,515,80,50,50,95,135,105,5,Glaseado Mountain,No,No
412,412,Mienfoo,619,Fighting-type,350,45,85,50,55,50,65,5,Area Zero,No,No
413,413,Mienshao,620,Fighting-type,510,65,125,60,95,60,105,5,Area Zero,No,No
414,414,Golett,622,Ground-type/Ghost-type,303,59,74,50,35,50,35,5,Area Zero,No,No
415,415,Golurk,623,Ground-type/Ghost-type,483,89,124,80,55,80,55,5,Area Zero,No,No
416,416,Pawniard,624,Dark-type/Steel-type,340,45,85,70,40,40,60,5,"East Province,Inlet Grotto,North Province,South Province",No,No
417,417,Bisharp,625,Dark-type/Steel-type,490,65,125,100,60,70,70,5,"Area Zero,North Province",No,No
418,418,Rufflet,627,Flying-type/Normal-type,350,70,83,50,37,50,60,5,"Asado Desert,Dalizapa Passage,East Province,Glaseado Mountain,North Province,South Province",No,No
419,419,Braviary,628,Flying-type,510,100,123,75,57,75,80,5,"Asado Desert,North Province",No,No
420,420,Vullaby,629,Dark-type/Flying-type,370,70,55,75,45,65,60,5,Area Zero,No,No
421,421,Mandibuzz,630,Dark-type/Flying-type,510,110,65,105,55,95,80,5,Area Zero,No,No
422,422,Deino,633,Dark-type/Dragon-type,300,52,65,50,45,50,38,5,"Alfornada,Alfornada Cavern,Dalizapa Passage,Glaseado Mountain,North Province",No,No
423,423,Zweilous,634,Dark-type/Dragon-type,420,72,85,70,65,70,58,5,"Area Zero,Glaseado Mountain,North Province",No,No
424,424,Hydreigon,635,Dark-type/Dragon-type,600,92,105,90,125,90,98,5,,No,No
425,425,Larvesta,636,Fire-type/Bug-type,360,55,85,55,50,55,60,5,Asado Desert,No,No
426,426,Volcarona,637,Fire-type/Bug-type,550,85,60,65,135,105,100,5,Area Zero,No,No
427,427,Cobalion,638,Steel-type/Fighting-type,580,91,90,129,90,72,108,5,"Area Zero,North Province",No,Yes
428,428,Terrakion,639,Rock-type/Fighting-type,580,91,129,90,72,90,108,5,"Area Zero,West Province",No,Yes
429,429,Virizion,640,Grass-type/Fighting-type,580,91,90,72,90,129,108,5,"Area Zero,Tagtree Thicket",No,Yes
430,430,Tornadus,641,Flying-type,580,79,115,70,125,80,111,5,,No,Yes
431,431,Thundurus,642,Electric-type/Flying-type,580,79,115,70,125,80,111,5,,No,Yes
432,432,Reshiram,643,Fire-type/Dragon-type,680,100,120,100,150,120,90,5,"Area Zero,East Province",No,Yes
433,433,Zekrom,644,Electric-type/Dragon-type,680,100,150,120,120,100,90,5,"Area Zero,South Province",No,Yes
434,434,Landorus,645,Ground-type/Flying-type,600,89,125,90,115,80,101,5,,No,Yes
435,435,Kyurem,646,Ice-type/Dragon-type,660,125,130,90,130,90,95,5,"Area Zero,Dalizapa Passage",No,Yes
436,436,Keldeo,647,Fighting-type/Water-type,580,91,72,90,129,90,108,5,,No,Yes
437,437,Meloetta,648,Fighting-type/Psychic-type/Normal-type,600,100,77,77,128,128,90,5,Area Zero,No,Yes
438,438,Chespin,650,Grass-type,313,56,61,65,48,45,38,6,Area Zero,No,No
439,439,Quilladin,651,Grass-type,405,61,78,95,56,58,57,6,Area Zero,No,No
440,440,Chesnaught,652,Grass-type/Fighting-type,530,88,107,122,74,75,64,6,Area Zero,No,No
441,441,Fennekin,653,Fire-type,307,40,45,40,62,60,60,6,Area Zero,No,No
442,442,Braixen,654,Fire-type,409,59,59,58,90,70,73,6,Area Zero,No,No
443,443,Delphox,655,Fire-type/Psychic-type,534,75,69,72,114,100,104,6,Area Zero,No,No
444,444,Froakie,656,Water-type,314,41,56,40,62,44,71,6,Area Zero,No,No
445,445,Frogadier,657,Water-type,405,54,63,52,83,56,97,6,Area Zero,No,No
446,446,Greninja,658,Dark-type/Water-type,530,72,95,67,103,71,122,6,Area Zero,No,No
447,447,Fletchling,661,Flying-type/Normal-type,278,45,50,43,40,38,62,6,South Province,No,No
448,448,Fletchinder,662,Flying-type/Fire-type,382,62,73,55,56,52,84,6,"East Province,South Province,West Province",No,No
449,449,Talonflame,663,Flying-type/Fire-type,499,78,81,71,74,69,126,6,"Area Zero,South Province",No,No
450,450,Scatterbug,664,Bug-type,200,38,35,40,27,25,35,6,South Province,No,No
451,451,Spewpa,665,Bug-type,213,45,22,60,27,30,29,6,South Province,No,No
452,452,Vivillon,666,Flying-type/Bug-type,411,80,52,50,90,50,89,6,"East Paldean Sea,North Province",No,No
453,453,Litleo,667,Fire-type/Normal-type,369,62,50,58,73,54,72,6,"East Province,South Province",No,No
454,454,Pyroar,668,Fire-type/Normal-type,507,86,68,72,109,66,106,6,"Dalizapa Passage,East Province,North Province",No,No
455,455,Flabébé,669,Fairy-type,303,44,38,39,61,79,42,6,"East Paldean Sea,South Province,West Province",No,No
456,456,Floette,670,Fairy-type,371,54,45,47,75,98,52,6,"Area Zero,East Paldean Sea,East Province,North Province,South Province,West Province",No,No
457,457,Florges,671,Fairy-type,552,78,65,68,112,154,75,6,North Province,No,No
458,458,Skiddo,672,Grass-type,350,66,65,48,62,57,52,6,"Asado Desert,East Province,South Province,West Province",No,No
459,459,Gogoat,673,Grass-type,531,123,100,62,97,81,68,6,"Casseroya Lake,Dalizapa Passage,North Province,South Province,West Province",No,No
460,460,Espurr,677,Psychic-type,355,62,48,54,63,60,68,6,Area Zero,No,No
461,461,Meowstic,678,Psychic-type,466,74,48,76,83,81,104,6,Area Zero,No,No
462,462,Inkay,686,Dark-type/Psychic-type,288,53,54,53,37,46,45,6,Area Zero,No,No
463,463,Malamar,687,Dark-type/Psychic-type,482,86,92,88,68,75,73,6,Area Zero,No,No
464,464,Skrelp,690,Poison-type/Water-type,320,50,60,60,60,60,30,6,"East Paldean Sea,North Paldean Sea,South Paldean Sea,West Paldean Sea",No,No
465,465,Dragalge,691,Poison-type/Dragon-type,494,65,75,90,97,123,44,6,North Paldean Sea,No,No
466,466,Clauncher,692,Water-type,330,50,53,62,58,63,44,6,"East Paldean Sea,North Paldean Sea,South Paldean Sea,West Paldean Sea",No,No
467,467,Clawitzer,693,Water-type,500,71,73,88,120,89,59,6,"North Paldean Sea,South Paldean Sea",No,No
468,468,Sylveon,700,Fairy-type,525,95,65,65,110,130,60,6,"North Province,South Province,West Province",No,No
469,469,Hawlucha,701,Flying-type/Fighting-type,500,78,92,75,74,63,118,6,"Area Zero,Casseroya Lake,North Province,Socarrat Trail,South Province",No,No
470,470,Dedenne,702,Electric-type/Fairy-type,431,67,58,57,81,67,101,6,"North Province,West Province",No,No
471,471,Carbink,703,Rock-type/Fairy-type,500,50,50,150,50,150,50,6,Area Zero,No,No
472,472,Goomy,704,Dragon-type,300,45,50,35,55,75,40,6,"East Province,Glaseado Mountain,South Province,West Province",No,No
473,473,Sliggoo,705,Dragon-type,452,68,75,53,83,113,60,6,"Casseroya Lake,South Province,West Province",No,No
474,474,Goodra,706,Dragon-type,600,90,100,70,110,150,80,6,,No,No
475,475,Klefki,707,Fairy-type/Steel-type,470,57,80,91,80,87,75,6,"Glaseado Mountain,South Province",No,No
476,476,Phantump,708,Grass-type/Ghost-type,309,43,70,48,50,60,38,6,Area Zero,No,No
477,477,Trevenant,709,Grass-type/Ghost-type,474,85,110,76,65,82,56,6,Area Zero,No,No
478,478,Bergmite,712,Ice-type,304,55,69,85,32,35,28,6,"Casseroya Lake,Glaseado Mountain,North Paldean Sea",No,No
479,479,Avalugg,713,Rock-type,514,95,117,184,44,46,28,6,"Casseroya Lake,Dalizapa Passage,Glaseado Mountain,North Paldean Sea",No,No
480,480,Noibat,714,Flying-type/Dragon-type,245,40,30,35,45,40,55,6,"North Province,West Province",No,No
481,481,Noivern,715,Flying-type/Dragon-type,535,85,70,80,97,80,123,6,North Province,No,No
482,482,Diancie,719,Rock-type/Fairy-type,600,50,100,150,100,150,50,6,,No,Yes
483,483,Hoopa,720,Dark-type/Ghost-type/Psychic-type,600,80,110,60,150,130,70,6,,No,Yes
484,484,Volcanion,721,Fire-type/Water-type,600,80,110,120,130,90,70,6,,No,Yes
485,485,Rowlet,722,Grass-type/Flying-type,320,68,55,55,50,50,42,7,Area Zero,No,No
486,486,Dartrix,723,Grass-type/Flying-type,420,78,75,75,70,70,52,7,Area Zero,No,No
487,487,Decidueye,724,Ghost-type/Fighting-type,530,78,107,75,100,100,70,7,Area Zero,No,No
488,488,Litten,725,Fire-type,320,45,65,40,60,40,70,7,Area Zero,No,No
489,489,Torracat,726,Fire-type,420,65,85,50,80,50,90,7,Area Zero,No,No
490,490,Incineroar,727,Dark-type/Fire-type,530,95,115,90,80,90,60,7,Area Zero,No,No
491,491,Popplio,728,Water-type,320,50,54,54,66,56,40,7,Area Zero,No,No
492,492,Brionne,729,Water-type,420,60,69,69,91,81,50,7,Area Zero,No,No
493,493,Primarina,730,Fairy-type/Water-type,530,80,74,74,126,116,60,7,Area Zero,No,No
494,494,Pikipek,731,Flying-type/Normal-type,265,35,75,30,30,30,65,7,Area Zero,No,No
495,495,Trumbeak,732,Flying-type/Normal-type,355,55,85,50,40,50,75,7,Area Zero,No,No
496,496,Toucannon,733,Flying-type/Normal-type,485,80,120,75,75,75,60,7,Area Zero,No,No
497,497,Yungoos,734,Normal-type,253,48,70,30,30,30,45,7,"Asado Desert,East Province,Inlet Grotto,South Province,West Province",No,No
498,498,Gumshoos,735,Normal-type,418,88,110,60,55,60,45,7,"Alfornada,Alfornada Cavern,Asado Desert,Dalizapa Passage,East Province,Glaseado Mountain,Inlet Grotto,North Province,South Province,Tagtree Thicket,West Province",No,No
499,499,Grubbin,736,Bug-type,300,47,62,45,55,45,46,7,Area Zero,No,No
500,500,Charjabug,737,Electric-type/Bug-type,400,57,82,95,55,75,36,7,Area Zero,No,No
501,501,Vikavolt,738,Electric-type/Bug-type,500,77,70,90,145,75,43,7,Area Zero,No,No
502,502,Crabrawler,739,Fighting-type,338,47,82,57,42,47,63,7,"East Province,Glaseado Mountain,South Province,West Province",No,No
503,503,Crabominable,740,Ice-type/Fighting-type,478,97,132,77,62,67,43,7,"East Province,Glaseado Mountain",No,No
504,504,Oricorio,741,Electric-type/Psychic-type/Fire-type/Flying-type/Ghost-type,476,75,70,70,98,70,93,7,"East Province,South Province",No,No
505,505,Cutiefly,742,Fairy-type/Bug-type,304,40,45,40,55,40,84,7,Area Zero,No,No
506,506,Ribombee,743,Fairy-type/Bug-type,464,60,55,60,95,70,124,7,Area Zero,No,No
507,507,Rockruff,744,Rock-type,280,45,65,40,30,40,60,7,"East Province,South Province,West Province",No,No
508,508,Lycanroc,745,Rock-type,487,75,115,65,55,65,112,7,"Alfornada,Alfornada Cavern,Area Zero,Dalizapa Passage,Glaseado Mountain,North Province",No,No
509,509,Mareanie,747,Poison-type/Water-type,305,50,53,62,43,52,45,7,East Paldean Sea,No,No
510,510,Toxapex,748,Poison-type/Water-type,495,50,63,152,53,142,35,7,East Paldean Sea,No,No
511,511,Mudbray,749,Ground-type,385,70,100,70,45,55,45,7,"Dalizapa Passage,East Province,South Province,West Province",No,No
512,512,Mudsdale,750,Ground-type,500,100,125,100,55,85,35,7,"Dalizapa Passage,Glaseado Mountain,North Province,South Province",No,No
513,513,Dewpider,751,Bug-type/Water-type,269,38,40,52,40,72,27,7,Area Zero,No,No
514,514,Araquanid,752,Bug-type/Water-type,454,68,70,92,50,132,42,7,Area Zero,No,No
515,515,Fomantis,753,Grass-type,250,40,55,35,50,35,35,7,"South Province,Tagtree Thicket",No,No
516,516,Lurantis,754,Grass-type,480,70,105,90,80,90,45,7,"Casseroya Lake,North Province,Socarrat Trail",No,No
517,517,Salandit,757,Poison-type/Fire-type,320,48,44,40,71,40,77,7,"Alfornada,Alfornada Cavern,Dalizapa Passage,East Province,Glaseado Mountain,West Province",No,No
518,518,Salazzle,758,Poison-type/Fire-type,480,68,64,60,111,60,117,7,"Alfornada,Alfornada Cavern,Dalizapa Passage,North Province,South Province",No,No
519,519,Bounsweet,761,Grass-type,210,42,30,38,30,38,32,7,"East Province,South Province",No,No
520,520,Steenee,762,Grass-type,290,52,40,48,40,48,62,7,"East Province,West Province",No,No
521,521,Tsareena,763,Grass-type,510,72,120,98,50,98,72,7,Casseroya Lake,No,No
522,522,Comfey,764,Fairy-type,485,51,52,90,82,110,100,7,Area Zero,No,No
523,523,Oranguru,765,Psychic-type/Normal-type,490,90,60,80,90,110,60,7,"North Province,Tagtree Thicket",No,No
524,524,Passimian,766,Fighting-type,490,100,120,90,40,60,80,7,"North Province,Tagtree Thicket",No,No
525,525,Sandygast,769,Ground-type/Ghost-type,320,55,55,80,70,45,15,7,"Asado Desert,East Province,South Province,West Province",No,No
526,526,Palossand,770,Ground-type/Ghost-type,480,85,75,110,100,75,35,7,West Province,No,No
527,527,Minior,774,Rock-type/Flying-type,440,60,60,100,60,100,60,7,Area Zero,No,No
528,528,Komala,775,Normal-type,480,65,115,65,75,95,65,7,"East Province,South Province,Tagtree Thicket,West Province",No,No
529,529,Mimikyu,778,Fairy-type/Ghost-type,476,55,90,80,50,105,96,7,"East Province,North Province,Tagtree Thicket,West Province",No,No
530,530,Bruxish,779,Psychic-type/Water-type,475,68,105,70,70,70,92,7,"East Paldean Sea,West Paldean Sea",No,No
531,531,Jangmo-o,782,Dragon-type,300,45,55,65,45,45,45,7,Area Zero,No,No
532,532,Hakamo-o,783,Dragon-type/Fighting-type,420,55,75,90,65,70,65,7,Area Zero,No,No
533,533,Kommo-o,784,Dragon-type/Fighting-type,600,75,110,125,100,105,85,7,Area Zero,No,No
534,534,Cosmog,789,Psychic-type,200,43,29,31,29,31,37,7,,No,Yes
535,535,Cosmoem,790,Psychic-type,400,43,29,131,29,131,37,7,,No,Yes
536,536,Solgaleo,791,Steel-type/Psychic-type,680,137,137,107,113,89,97,7,Area Zero,No,Yes
537,537,Lunala,792,Ghost-type/Psychic-type,680,137,113,89,137,107,97,7,"Area Zero,Casseroya Lake",No,Yes
538,538,Necrozma,800,ghost-type/Steel-type/Psychic-type,600,97,107,101,127,89,79,7,"Area Zero,Socarrat Trail",No,Yes
539,539,Magearna,801,Fairy-type/Steel-type,600,80,95,115,130,115,65,7,,No,Yes
540,540,Grookey,810,Grass-type,310,50,65,50,40,40,65,8,Area Zero,No,No
541,541,Thwackey,811,Grass-type,420,70,85,70,55,60,80,8,Area Zero,No,No
542,542,Rillaboom,812,Grass-type,530,100,125,90,60,70,85,8,Area Zero,No,No
543,543,Scorbunny,813,Fire-type,310,50,71,40,40,40,69,8,Area Zero,No,No
544,544,Raboot,814,Fire-type,420,65,86,60,55,60,94,8,Area Zero,No,No
545,545,Cinderace,815,Fire-type,530,80,116,75,65,75,119,8,Area Zero,No,No
546,546,Sobble,816,Water-type,310,50,40,40,70,40,70,8,Area Zero,No,No
547,547,Drizzile,817,Water-type,420,65,60,55,95,55,90,8,Area Zero,No,No
548,548,Inteleon,818,Water-type,530,70,85,65,125,65,120,8,Area Zero,No,No
549,549,Skwovet,819,Normal-type,275,70,55,55,35,35,25,8,South Province,No,No
550,550,Greedent,820,Normal-type,460,120,95,95,55,75,20,8,"Dalizapa Passage,North Province,South Province,Tagtree Thicket,West Province",No,No
551,551,Rookidee,821,Flying-type,245,38,47,35,33,35,57,8,"East Province,South Province",No,No
552,552,Corvisquire,822,Flying-type,365,68,67,55,43,55,77,8,"East Province,South Province",No,No
553,553,Corviknight,823,Flying-type/Steel-type,495,98,87,105,53,85,67,8,"Area Zero,North Province",No,No
554,554,Chewtle,833,Water-type,284,50,64,50,38,38,44,8,"East Province,South Province,West Province",No,No
555,555,Drednaw,834,Rock-type/Water-type,485,90,115,90,48,68,74,8,"Casseroya Lake,East Province,Glaseado Mountain,South Province,West Province",No,No
556,556,Rolycoly,837,Rock-type,240,30,40,50,40,50,30,8,East Province,No,No
557,557,Carkol,838,Rock-type/Fire-type,410,80,60,90,60,70,50,8,East Province,No,No
558,558,Coalossal,839,Rock-type/Fire-type,510,110,80,120,80,90,30,8,,No,No
559,559,Applin,840,Grass-type/Dragon-type,260,40,40,80,40,40,20,8,"East Province,South Province,Tagtree Thicket,West Province",No,No
560,560,Flapple,841,Grass-type/Dragon-type,485,70,110,80,95,60,70,8,,No,No
561,561,Appletun,842,Grass-type/Dragon-type,485,110,85,80,100,80,30,8,,No,No
562,562,Silicobra,843,Ground-type,315,52,57,75,35,50,46,8,"Asado Desert,East Province",No,No
563,563,Sandaconda,844,Ground-type,510,72,107,125,65,70,71,8,Asado Desert,No,No
564,564,Cramorant,845,Flying-type/Water-type,475,70,85,55,85,95,85,8,Area Zero,No,No
565,565,Arrokuda,846,Water-type,280,41,63,40,40,30,66,8,"East Paldean Sea,East Province,South Paldean Sea,South Province,West Paldean Sea,West Province",No,No
566,566,Barraskewda,847,Water-type,490,61,123,60,60,50,136,8,"East Paldean Sea,East Province,Glaseado Mountain,North Paldean Sea,North Province,South Paldean Sea,West Paldean Sea,West Province",No,No
567,567,Toxel,848,Electric-type/Poison-type,242,40,38,35,54,35,40,8,South Province,No,No
568,568,Toxtricity,849,Electric-type/Poison-type,502,75,98,70,114,70,75,8,"Alfornada,Alfornada Cavern",No,No
569,569,Sinistea,854,Ghost-type,308,40,45,45,74,54,50,8,"East Province,South Province",No,No
570,570,Polteageist,855,Ghost-type,508,60,65,65,134,114,70,8,,No,No
571,571,Hatenna,856,Psychic-type,265,42,30,45,56,53,39,8,"South Province,West Province",No,No
572,572,Hattrem,857,Psychic-type,370,57,40,65,86,73,49,8,"Glaseado Mountain,South Province,Tagtree Thicket",No,No
573,573,Hatterene,858,Fairy-type/Psychic-type,510,57,90,95,136,103,29,8,,No,No
574,574,Impidimp,859,Dark-type/Fairy-type,265,45,45,30,55,40,50,8,Tagtree Thicket,No,No
575,575,Morgrem,860,Dark-type/Fairy-type,370,65,60,45,75,55,70,8,Tagtree Thicket,No,No
576,576,Grimmsnarl,861,Dark-type/Fairy-type,510,95,120,65,95,75,60,8,,No,No
577,577,Perrserker,863,Steel-type,440,70,110,100,50,60,50,8,,No,No
578,578,Milcery,868,Fairy-type,270,45,40,40,50,61,34,8,Area Zero,No,No
579,579,Alcremie,869,Fairy-type,495,65,60,75,110,121,64,8,Area Zero,No,No
580,580,Falinks,870,Fighting-type,470,65,100,100,70,60,75,8,"East Province,North Province,West Province",No,No
581,581,Pincurchin,871,Electric-type,435,48,101,95,91,85,15,8,"East Province,Glaseado Mountain,North Province,West Province",No,No
582,582,Snom,872,Ice-type/Bug-type,185,30,25,35,45,30,20,8,"Dalizapa Passage,Glaseado Mountain",No,No
583,583,Frosmoth,873,Ice-type/Bug-type,475,70,65,60,125,90,65,8,"Glaseado Mountain,North Province",No,No
584,584,Stonjourner,874,Rock-type,470,100,125,135,20,20,70,8,Asado Desert,No,No
585,585,Eiscue,875,Ice-type,470,75,80,110,65,90,50,8,"North Paldean Sea,North Province",No,No
586,586,Indeedee,876,Psychic-type/Normal-type,475,60,65,55,105,95,95,8,North Province,No,No
587,587,Morpeko,877,Electric-type/Dark-type,436,58,95,58,70,58,97,8,Area Zero,No,No
588,588,Cufant,878,Steel-type,330,72,80,49,40,49,40,8,East Province,No,No
589,589,Copperajah,879,Steel-type,500,122,130,69,80,69,30,8,"Casseroya Lake,Dalizapa Passage,Glaseado Mountain,North Province",No,No
590,590,Duraludon,884,Dragon-type/Steel-type,535,70,95,115,120,50,85,8,Area Zero,No,No
591,591,Dreepy,885,Ghost-type/Dragon-type,270,28,60,30,40,30,82,8,"East Province,Glaseado Mountain,South Province,West Province",No,No
592,592,Drakloak,886,Ghost-type/Dragon-type,410,68,80,50,60,50,102,8,"Casseroya Lake,Glaseado Mountain,North Province",No,No
593,593,Dragapult,887,Ghost-type/Dragon-type,600,88,120,75,100,75,142,8,,No,No
594,594,Zacian,888,Fairy-type/Steel-type,660,92,120,115,80,115,138,8,,No,Yes
595,595,Zamazenta,889,Steel-type/Fighting-type,660,92,120,115,80,115,138,8,,No,Yes
596,596,Eternatus,890,Poison-type/Dragon-type,690,140,85,95,145,95,130,8,,No,Yes
597,597,Kubfu,891,Fighting-type,385,60,90,60,53,50,72,8,"Area Zero,North Province",No,Yes
598,598,Urshifu,892,Water-type/Fighting-type,550,100,130,100,63,60,97,8,,No,Yes
599,599,Zarude,893,Grass-type/Dark-type,600,105,120,105,70,95,105,8,,No,Yes
600,600,Regieleki,894,Electric-type,580,80,100,50,100,50,200,8,,No,Yes
601,601,Regidrago,895,Dragon-type,580,200,100,50,100,50,80,8,,No,Yes
602,602,Glastrier,896,Ice-type,580,100,145,130,65,110,30,8,"Area Zero,Glaseado Mountain",No,Yes
603,603,Spectrier,897,Ghost-type,580,100,65,60,145,80,130,8,"Area Zero,Glaseado Mountain",No,Yes
604,604,Calyrex,898,Ghost-type/Ice-type/Psychic-type/Fighting-type,500,100,80,80,80,80,80,8,,No,Yes
605,605,Wyrdeer,899,Psychic-type/Normal-type,525,103,105,72,105,75,65,8,,No,No
606,606,Kleavor,900,Rock-type/Bug-type,500,70,135,95,45,70,85,8,Area Zero,No,No
607,607,Ursaluna,901,Normal-type,550,130,140,105,45,80,50,8,Area Zero,No,No
608,608,Basculegion,902,Ghost-type/Water-type,530,120,112,65,80,75,78,8,Area Zero,No,No
609,609,Sneasler,903,Poison-type/Fighting-type,510,80,130,60,40,80,120,8,,No,No
610,610,Overqwil,904,Dark-type/Poison-type,510,85,115,95,65,65,85,8,Area Zero,No,No
611,611,Enamorus,905,Flying-type/Fairy-type,580,74,115,70,135,80,106,8,,No,Yes
612,612,Sprigatito,906,Grass-type,310,40,61,54,45,45,65,9,Cabo Poco,No,No
613,613,Floragato,907,Grass-type,410,61,80,63,60,63,83,9,,No,No
614,614,Meowscarada,908,Grass-type/Dark-type,530,76,110,70,81,70,123,9,,No,No
615,615,Fuecoco,909,Fire-type,310,67,45,59,63,40,36,9,Cabo Poco,No,No
616,616,Crocalor,910,Fire-type,411,81,55,78,90,58,49,9,,No,No
617,617,Skeledirge,911,Fire-type/Ghost-type,530,104,75,100,110,75,66,9,,No,No
618,618,Quaxly,912,Water-type,310,55,65,45,50,45,50,9,Cabo Poco,No,No
619,619,Quaxwell,913,Water-type,410,70,85,65,65,60,65,9,,No,No
620,620,Quaquaval,914,Fighting-type/Water-type,530,85,120,80,85,75,85,9,,No,No
621,621,Lechonk,915,Normal-type,254,54,45,40,35,45,35,9,"East Province,Pokemon League,South Province",No,No
622,622,Oinkologne,916,Normal-type,489,110,100,75,59,80,65,9,"East Province,South Province,Tagtree Thicket,West Province",No,No
623,623,Tarountula,917,Bug-type,210,35,41,45,29,40,20,9,"Pokemon League,South Province",No,No
624,624,Spidops,918,Bug-type,404,60,79,92,52,86,35,9,"East Province,North Province,Socarrat Trail,Tagtree Thicket,West Province",No,No
625,625,Nymble,919,Bug-type,210,33,46,40,21,25,45,9,"South Province,West Province",No,No
626,626,Lokix,920,Dark-type/Bug-type,450,71,102,78,52,55,92,9,"Alfornada,Alfornada Cavern,Asado Desert,Casseroya Lake,Dalizapa Passage,East Province,Glaseado Mountain,North Province,South Province,West Province",No,No
627,627,Pawmi,921,Electric-type,240,45,50,20,40,25,60,9,"South Province,West Province",No,No
628,628,Pawmo,922,Electric-type/Fighting-type,350,60,75,40,50,40,85,9,"East Province,North Province,South Province,West Province",No,No
629,629,Pawmot,923,Electric-type/Fighting-type,490,70,115,70,70,60,105,9,,No,No
630,630,Tandemaus,924,Normal-type,305,50,50,45,40,45,75,9,"East Province,Pokemon League,West Province",No,No
631,631,Maushold,925,Normal-type,470,74,75,70,65,75,111,9,,No,No
632,632,Fidough,926,Fairy-type,312,37,55,70,30,55,65,9,South Province,No,No
633,633,Dachsbun,927,Fairy-type,477,57,80,115,50,80,95,9,"East Province,South Province,West Province",No,No
634,634,Smoliv,928,Grass-type/Normal-type,260,41,35,45,58,51,30,9,South Province,No,No
635,635,Dolliv,929,Grass-type/Normal-type,354,52,53,60,78,78,33,9,"East Paldean Sea,North Province,Tagtree Thicket",No,No
636,636,Arboliva,930,Grass-type/Normal-type,510,78,69,90,125,109,39,9,,No,No
637,637,Squawkabilly,931,Flying-type/Normal-type,417,82,96,51,45,51,92,9,"East Province,West Province",No,No
638,638,Nacli,932,Rock-type,280,55,55,75,35,35,25,9,"Asado Desert,East Province,South Province,West Province",No,No
639,639,Naclstack,933,Rock-type,355,60,60,100,35,65,35,9,"Alfornada,Alfornada Cavern,Casseroya Lake,Dalizapa Passage,Glaseado Mountain,North Province,South Province,West Province",No,No
640,640,Garganacl,934,Rock-type,500,100,100,130,45,90,35,9,Area Zero,No,No
641,641,Charcadet,935,Fire-type,255,40,50,40,50,40,35,9,"Asado Desert,East Province,South Province,Tagtree Thicket,West Province",No,No
642,642,Armarouge,936,Fire-type/Psychic-type,525,85,60,100,125,80,75,9,,No,No
643,643,Ceruledge,937,Fire-type/Ghost-type,525,75,125,80,60,100,85,9,,No,No
644,644,Tadbulb,938,Electric-type,272,61,31,41,59,35,45,9,"East Province,Glaseado Mountain,South Province,West Province",No,No
645,645,Bellibolt,939,Electric-type,495,109,64,91,103,83,45,9,"Casseroya Lake,East Province,Glaseado Mountain,North Province,South Province,Tagtree Thicket,West Province",No,No
646,646,Wattrel,940,Electric-type/Flying-type,280,40,40,35,55,40,70,9,"East Paldean Sea,East Province,South Paldean Sea,West Paldean Sea,West Province",No,No
647,647,Kilowattrel,941,Electric-type/Flying-type,490,70,70,60,105,60,125,9,"Casseroya Lake,East Paldean Sea,North Paldean Sea,North Province,West Paldean Sea",No,No
648,648,Maschiff,942,Dark-type,340,60,78,60,40,51,51,9,"South Province,West Province",No,No
649,649,Mabosstiff,943,Dark-type,505,80,120,90,60,70,85,9,"North Province,West Province",No,No
650,650,Shroodle,944,Poison-type/Normal-type,290,40,65,35,40,35,75,9,"East Province,South Province,Tagtree Thicket,West Province",No,No
651,651,Grafaiai,945,Poison-type/Normal-type,485,63,95,65,80,72,110,9,"Casseroya Lake,North Province,Tagtree Thicket",No,No
652,652,Bramblin,946,Grass-type/Ghost-type,275,40,65,30,45,35,60,9,"Asado Desert,East Province",No,No
653,653,Brambleghast,947,Grass-type/Ghost-type,480,55,115,70,80,70,90,9,"North Province,Socarrat Trail",No,No
654,654,Toedscool,948,Ground-type/Grass-type,335,40,40,35,50,100,70,9,"East Province,Socarrat Trail,South Province,Tagtree Thicket,West Province",Yes,No
655,655,Toedscruel,949,Ground-type/Grass-type,515,80,70,65,80,120,100,9,Socarrat Trail,Yes,No
656,656,Klawf,950,Rock-type,450,70,100,115,35,55,75,9,South Province,No,No
657,657,Capsakid,951,Grass-type,304,50,62,40,62,40,50,9,"Asado Desert,South Province,West Province",No,No
658,658,Scovillain,952,Grass-type/Fire-type,486,65,108,65,108,65,75,9,"Dalizapa Passage,North Province,South Province",No,No
659,659,Rellor,953,Bug-type,270,41,50,60,31,58,30,9,Asado Desert,No,No
660,660,Rabsca,954,Bug-type/Psychic-type,470,75,50,85,115,100,45,9,,No,No
661,661,Flittle,955,Psychic-type,255,30,35,30,55,30,75,9,"Asado Desert,Dalizapa Passage,East Province,North Province,South Province,West Province",No,No
662,662,Espathra,956,Psychic-type,481,95,60,60,101,60,105,9,"Asado Desert,Dalizapa Passage,North Province,South Province",No,No
663,663,Tinkatink,957,Fairy-type/Steel-type,297,50,45,45,35,64,58,9,"Asado Desert,East Province,South Province,West Province",No,No
664,664,Tinkatuff,958,Fairy-type/Steel-type,380,65,55,55,45,82,78,9,"Casseroya Lake,Dalizapa Passage,East Province,North Province,South Province,West Province",No,No
665,665,Tinkaton,959,Fairy-type/Steel-type,506,85,75,77,70,105,94,9,,No,No
666,666,Wiglett,960,Water-type,245,10,55,25,35,25,95,9,"East Province,North Province,South Province,West Province",Yes,No
667,667,Wugtrio,961,Water-type,425,35,100,50,50,70,120,9,"North Province,West Province",Yes,No
668,668,Bombirdier,962,Flying-type/Dark-type,485,70,103,85,60,85,82,9,"South Province,West Paldean Sea,West Province",No,No
669,669,Finizen,963,Water-type,315,70,45,40,45,40,75,9,"East Paldean Sea,North Paldean Sea,South Paldean Sea,West Paldean Sea,West Province",No,No
670,670,Palafin,964,Water-type,457,100,70,72,53,62,100,9,,No,No
671,671,Varoom,965,Poison-type/Steel-type,300,45,70,63,30,45,47,9,"East Province,West Province",No,No
672,672,Revavroom,966,Poison-type/Steel-type,500,80,119,90,54,67,90,9,"Dalizapa Passage,Glaseado Mountain,North Province",No,No
673,673,Cyclizar,967,Dragon-type/Normal-type,501,70,95,65,85,65,121,9,"Asado Desert,East Province,West Province",No,No
674,674,Orthworm,968,Steel-type,480,70,85,145,60,55,65,9,"Asado Desert,East Province",No,No
675,675,Glimmet,969,Rock-type/Poison-type,350,48,35,42,105,60,60,9,"Alfornada,Alfornada Cavern,Area Zero,East Province,Glaseado Mountain,North Province,West Province",No,No
676,676,Glimmora,970,Rock-type/Poison-type,525,83,55,90,130,81,86,9,Area Zero,No,No
677,677,Greavard,971,Ghost-type,290,50,61,60,30,55,34,9,"Dalizapa Passage,Glaseado Mountain,West Province",No,No
678,678,Houndstone,972,Ghost-type,488,72,101,100,50,97,68,9,"Casseroya Lake,Dalizapa Passage,Glaseado Mountain,North Province,South Province",No,No
679,679,Flamigo,973,Flying-type/Fighting-type,500,82,115,74,75,64,90,9,"Casseroya Lake,East Province,Glaseado Mountain,North Province,South Province,West Province",No,No
680,680,Cetoddle,974,Ice-type,334,108,68,45,30,40,43,9,"Dalizapa Passage,Glaseado Mountain,West Province",No,No
681,681,Cetitan,975,Ice-type,521,170,113,65,45,55,73,9,Glaseado Mountain,No,No
682,682,Veluza,976,Psychic-type/Water-type,478,90,102,73,78,65,70,9,"Casseroya Lake,East Province,Glaseado Mountain,North Paldean Sea,West Paldean Sea",No,No
683,683,Dondozo,977,Water-type,530,150,100,115,65,65,35,9,Casseroya Lake,No,No
684,684,Tatsugiri,978,Dragon-type/Water-type,475,68,50,60,120,95,82,9,Casseroya Lake,No,No
685,685,Annihilape,979,Ghost-type/Fighting-type,535,110,115,80,50,90,90,9,,No,No
686,686,Clodsire,980,Ground-type/Poison-type,430,130,75,60,45,100,20,9,"East Province,Glaseado Mountain,North Province,South Province,West Province",Yes,No
687,687,Farigiraf,981,Psychic-type/Normal-type,520,120,90,70,110,70,60,9,Area Zero,No,No
688,688,Dudunsparce,982,Normal-type,520,125,100,80,85,75,55,9,Area Zero,No,No
689,689,Kingambit,983,Dark-type/Steel-type,550,100,135,120,60,85,50,9,,No,No
690,690,Great Tusk,984,Ground-type/Fighting-type,570,115,131,131,53,53,87,9,"Area Zero,Asado Desert",Yes,No
691,691,Scream Tail,985,Fairy-type/Psychic-type,570,115,65,99,65,115,111,9,Area Zero,Yes,No
692,692,Brute Bonnet,986,Grass-type/Dark-type,570,111,127,99,79,99,55,9,Area Zero,Yes,No
693,693,Flutter Mane,987,Fairy-type/Ghost-type,570,55,55,55,135,135,135,9,Area Zero,Yes,No
694,694,Slither Wing,988,Bug-type/Fighting-type,570,85,135,79,85,105,81,9,Area Zero,Yes,No
695,695,Sandy Shocks,989,Ground-type/Electric-type,570,85,81,97,121,85,101,9,"Area Zero,Research Station",Yes,No
696,696,Iron Treads,990,Ground-type/Steel-type,570,90,112,120,72,70,106,9,"Area Zero,Asado Desert",Yes,No
697,697,Iron Bundle,991,Ice-type/Water-type,570,56,80,114,124,60,136,9,Area Zero,Yes,No
698,698,Iron Hands,992,Electric-type/Fighting-type,570,154,140,108,50,68,50,9,Area Zero,Yes,No
699,699,Iron Jugulis,993,Dark-type/Flying-type,570,94,80,86,122,80,108,9,Area Zero,Yes,No
700,700,Iron Moth,994,Poison-type/Fire-type,570,80,70,60,140,110,110,9,Area Zero,Yes,No
701,701,Iron Thorns,995,Rock-type/Electric-type,570,100,134,110,70,84,72,9,"Area Zero,Research Station",Yes,No
702,702,Frigibax,996,Ice-type/Dragon-type,320,65,75,45,35,45,55,9,"Dalizapa Passage,Glaseado Mountain",No,No
703,703,Arctibax,997,Ice-type/Dragon-type,423,90,95,66,45,65,62,9,Glaseado Mountain,No,No
704,704,Baxcalibur,998,Ice-type/Dragon-type,600,115,145,92,75,86,87,9,,No,No
705,705,Gimmighoul,999,Ghost-type,300,45,30,70,75,70,10,9,,No,No
706,706,Gholdengo,1000,Ghost-type/Steel-type,550,87,60,95,133,91,84,9,,No,No
707,707,Wo-Chien,1001,Grass-type/Dark-type,570,85,85,100,95,135,70,9,South Province,No,Yes
708,708,Chien-Pao,1002,Dark-type/Ice-type,570,80,120,80,90,65,135,9,West Province,No,Yes
709,709,Ting-Lu,1003,Ground-type/Dark-type,570,155,110,125,55,80,45,9,Socarrat Trail,No,Yes
710,710,Chi-Yu,1004,Dark-type/Fire-type,570,55,80,80,135,120,100,9,North Province,No,Yes
711,711,Roaring Moon,1005,Dark-type/Dragon-type,590,105,139,71,55,101,119,9,"Area Zero,Research Station",Yes,No
712,712,Iron Valiant,1006,Fairy-type/Fighting-type,590,74,130,90,120,60,116,9,"Area Zero,Research Station",Yes,No
713,713,Koraidon,1007,Dragon-type/Fighting-type,670,100,135,115,85,100,135,9,Area Zero,No,Yes
714,714,Miraidon,1008,Electric-type/Dragon-type,670,100,85,100,135,115,135,9,Area Zero,No,Yes
715,715,Walking Wake,1009,Dragon-type/Water-type,590,99,83,91,125,83,109,9,,Yes,No
716,716,Iron Leaves,1010,Grass-type/Psychic-type,590,90,130,88,70,108,104,9,,Yes,No
717,717,Dipplin,1011,Grass-type/Dragon-type,485,80,80,110,95,80,40,9,Area Zero,Yes,No
718,718,Poltchageist,1012,Grass-type/Ghost-type,308,40,45,45,74,54,50,9,Area Zero,No,No
719,719,Sinistcha,1013,Grass-type/Ghost-type,508,71,60,106,121,80,70,9,Area Zero,No,No
720,720,Okidogi,1014,Poison-type/Fighting-type,555,88,128,115,58,86,80,9,Area Zero,No,Yes
721,721,Munkidori,1015,Poison-type/Psychic-type,555,88,75,66,130,90,106,9,Area Zero,No,Yes
722,722,Fezandipiti,1016,Poison-type/Fairy-type,555,88,91,82,70,125,99,9,Area Zero,No,Yes
723,723,Ogerpon,1017,Rock-type/Fire-type/Water-type,550,80,120,84,60,96,110,9,Area Zero,No,Yes
724,724,Archaludon,1018,Dragon-type/Steel-type,600,90,105,130,125,65,85,9,Area Zero,No,No
725,725,Hydrapple,1019,Grass-type/Dragon-type,540,106,80,110,120,80,44,9,Area Zero,Yes,No
726,726,Gouging Fire,1020,Fire-type/Dragon-type,590,105,115,121,65,93,91,9,Area Zero,Yes,No
727,727,Raging Bolt,1021,Electric-type/Dragon-type,590,125,73,91,137,89,75,9,Area Zero,Yes,No
728,728,Iron Boulder,1022,Rock-type/Psychic-type,590,90,120,80,68,108,124,9,Area Zero,Yes,No
729,729,Iron Crown,1023,Steel-type/Psychic-type,590,90,72,100,122,108,98,9,Area Zero,Yes,No
730,730,Terapagos,1024,Normal-type,450,90,65,85,65,85,60,9,Area Zero,No,Yes
731,731,Pecharunt,1025,Poison-type/Ghost-type,600,88,88,160,88,88,88,9,Area Zero,No,Yes
